,v,a,vsp,CO2
0,0.033333333,0.861111111,0.028989447,1.1642
1,0.055555556,0.594444444,0.038904222,0.6492
2,0.066666667,0.211111111,0.020793052,0.218
3,0.083333333,0.488888889,0.049563873,0.2032
4,0.116666667,0.216666667,0.037514567,1.6384
5,0.15,0.277777778,0.054015896,1.3204
6,0.172222222,0.15,0.042180517,0.7846
7,0.194444444,0.627777778,0.142684628,0.214
8,0.2,0.422222222,0.10546967,1.1364
9,0.222222222,0.161111111,0.059380668,0.6026
10,0.244444444,0.683333333,0.198003342,0.5628
11,0.25,0.75,0.214026011,0.707
12,0.277777778,0.233333333,0.094309667,0.4522
13,0.294444444,0.211111111,0.08929784,1.8004
14,0.316666667,0.266666667,0.113581412,2.0672
15,0.338888889,0.044444444,0.04882934,1.8816
16,0.361111111,-0.016666667,0.032378033,0.4922
17,0.383333333,0.033333333,0.049722854,2.5304
18,0.405555556,-0.066666667,0.011208867,1.9346
19,0.416666667,0.2,0.127668274,0.802
20,0.427777778,0.277777778,0.161726939,2.5126
21,0.461111111,0.161111111,0.120704404,2.9268
22,0.472222222,-0.072222222,0.016193301,1.967
23,0.472222222,-0.083333333,0.010946743,0.8118
24,0.494444444,0.255555556,0.178598851,0.503
25,0.505555556,0.205555556,0.155256799,1.0052
26,0.527777778,-0.066666667,0.021079754,0.539
27,0.555555556,0.972222222,0.599337141,0.5562
28,0.6,-0.044444444,0.043359333,0.5492
29,0.616666667,0.188888889,0.186658864,0.3786
30,0.638888889,-0.188888889,-0.052439861,1.0184
31,0.661111111,0.144444444,0.169235184,2.5732
32,0.677777778,-0.105555556,-0.000711403,3.5352
33,0.711111111,0.527777778,0.457801367,2.8678
34,0.733333333,0.188888889,0.216396745,0.8676
35,0.755555556,-0.316666667,-0.160953543,0.3376
36,0.783333333,0.116666667,0.177530668,0.486
37,0.805555556,0.011111111,0.095226735,1.7048
38,0.811111111,0.688888889,0.64533042,0.7374
39,0.833333333,0.283333333,0.325390901,1.0908
40,0.877777778,0.05,0.136414746,1.806
41,0.888888889,-0.311111111,-0.181180527,1.2912
42,0.927777778,0.161111111,0.260223666,3.0854
43,0.955555556,-0.194444444,-0.082243458,2.706
44,0.972222222,0.283333333,0.379886719,2.3706
45,1,0.344444444,0.451903456,1.3018
46,1.016666667,0.338888889,0.457124418,0.6668
47,1.027777778,0.094444444,0.20758719,3.0192
48,1.055555556,0.055555556,0.172211087,3.0892
49,1.066666667,-0.061111111,0.044582152,0.7272
50,1.105555556,0.05,0.171687677,2.5256
51,1.133333333,0.077777778,0.209156673,2.0962
52,1.138888889,0.172222222,0.318865935,1.3726
53,1.144444444,0.077777778,0.209917912,0.947
54,1.166666667,-0.15,-0.049188596,0.493
55,1.177777778,-0.405555556,-0.34655302,0.3666
56,1.194444444,0.394444444,0.599975926,0.7512
57,1.211111111,0.35,0.559845557,1.8868
58,1.222222222,-0.2,-0.112491939,2.4826
59,1.25,-0.35,-0.302460298,3.678
60,1.277777778,0.072222222,0.230365988,3.7952
61,1.277777778,0.094444444,0.25875913,1.5354
62,1.3,-0.172222222,-0.08628246,0.3918
63,1.305555556,-0.094444444,0.017876365,0.3316
64,1.327777778,0.166666667,0.366463991,1.9636
65,1.333333333,0.011111111,0.15907063,1.6874
66,1.338888889,-0.472222222,-0.48316904,0.365
67,1.361111111,0.244444444,0.480040835,1.37
68,1.383333333,-0.011111111,0.135317815,1.4378
69,1.388888889,-0.233333333,-0.173610223,0.8096
70,1.388888889,0.066666667,0.243028269,1.468
71,1.411111111,4.44089E-17,0.14566845,1.048
72,1.416666667,0.022222222,0.185020175,1.5462
73,1.444444444,0.011111111,0.172692279,1.1524
74,1.45,0.322222222,0.621740241,0.7358
75,1.472222222,-0.266666667,-0.232814589,0.5748
76,1.488888889,-0.666666667,-0.833375886,0.9768
77,1.5,-0.222222222,-0.170447502,0.4078
78,1.5,-0.233333333,-0.187113042,1.6118
79,1.511111111,0.022222222,0.196052071,3.0622
80,1.527777778,-0.061111111,0.072621645,0.3698
81,1.527777778,0.811111111,1.405093268,0.3902
82,1.555555556,-0.022222222,0.134534648,2.4584
83,1.572222222,-0.161111111,-0.082865545,1.6964
84,1.583333333,-0.233333333,-0.197194081,1.1154
85,1.594444444,-0.572222222,-0.734948962,1.3978
86,1.611111111,0.75,1.383606712,0.2888
87,1.638888889,-0.144444444,-0.05822303,0.3846
88,1.638888889,-0.344444444,-0.385978644,0.3946
89,1.644444444,0.05,0.260593109,0.3818
90,1.677777778,0.288888889,0.66310011,0.3536
91,1.694444444,0.038888889,0.250662406,0.3498
92,1.716666667,-0.011111111,0.170007621,0.398
93,1.727777778,-0.155555556,-0.079795399,0.3806
94,1.75,0.061111111,0.298010264,0.349
95,1.772222222,0.183333333,0.514410919,0.3484
96,1.788888889,0.011111111,0.212778665,0.369
97,1.827777778,-0.588888889,-0.872376586,0.3618
98,1.833333333,-0.05,0.108900475,0.3558
99,1.85,-0.15,-0.08424462,0.3198
100,1.861111111,0.177777778,0.534575175,0.333
101,1.861111111,0.027777778,0.255427385,0.362
102,1.905555556,-0.138888889,-0.049187109,1.564
103,1.927777778,-0.727777778,-1.191777809,2.2032
104,1.95,0.177777778,0.562197912,3.3798
105,1.983333333,0.605555556,1.418133837,3.0556
106,2.011111111,-0.055555556,0.10444728,2.2176
107,2.027777778,-0.516666667,-0.824740913,0.6296
108,2.044444444,0.577777778,1.410366219,0.2414
109,2.055555556,0.011111111,0.248919412,0.209
110,2.066666667,0.211111111,0.661750968,0.2844
111,2.083333333,0.033333333,0.298734478,0.3502
112,2.1,-0.438888889,-0.693094333,0.358
113,2.111111111,0.044444444,0.326334127,0.3596
114,2.138888889,-0.272222222,-0.342771948,0.4072
115,2.172222222,0.272222222,0.828153947,0.3868
116,2.194444444,0.144444444,0.55915517,0.3744
117,2.211111111,-0.522222222,-0.915035448,0.366
118,2.238888889,-0.233333333,-0.278655723,0.4032
119,2.25,-0.533333333,-0.951231614,1.2516
120,2.266666667,0.333333333,1.007839903,2.0098
121,2.277777778,0.105555556,0.492354379,0.4894
122,2.283333333,-0.111111111,-0.002948359,0.3196
123,2.305555556,-0.105555556,0.01184769,1.375
124,2.338888889,0.266666667,0.880520212,2.4874
125,2.361111111,0.166666667,0.655218106,1.0204
126,2.366666667,-0.311111111,-0.483864846,1.4896
127,2.388888889,-0.044444444,0.158834493,1.1166
128,2.411111111,0.138888889,0.607415774,1.9178
129,2.422222222,-0.027777778,0.207984323,1.3066
130,2.444444444,1.033333333,2.797320557,1.2532
131,2.45,0.211111111,0.784689055,1.2366
132,2.472222222,-0.194444444,-0.205820539,2.0452
133,2.494444444,-0.127777778,-0.041465235,2.5982
134,2.516666667,-0.372222222,-0.665170357,1.6604
135,2.533333333,-0.277777778,-0.424005852,1.1314
136,2.572222222,0.305555556,1.072813745,0.54
137,2.583333333,-0.205555556,-0.242900716,2.4714
138,2.594444444,0.011111111,0.316877711,3.068
139,2.611111111,0.172222222,0.741064188,1.9172
140,2.633333333,0.155555556,0.70360541,2.8354
141,2.638888889,0.016666667,0.338709202,0.4038
142,2.666666667,0.094444444,0.549899132,1.241
143,2.672222222,0.105555556,0.578960237,0.9262
144,2.694444444,0.016666667,0.346308498,1.019
145,2.694444444,0.333333333,1.199491544,0.239
146,2.705555556,-0.238888889,-0.351997124,0.243
147,2.727777778,-0.038888889,0.192465334,0.2746
148,2.75,-0.133333333,-0.058539336,0.8026
149,2.777777778,-0.027777778,0.23430594,1.783
150,2.783333333,0.055555556,0.468142196,1.5646
151,2.805555556,-0.438888889,-0.916417632,1.6244
152,2.816666667,-0.027777778,0.237167852,0.2776
153,2.844444444,-0.161111111,-0.138444814,0.3412
154,2.861111111,-0.394444444,-0.806897411,0.6048
155,2.883333333,-0.211111111,-0.291107281,0.3752
156,2.894444444,0.072222222,0.536426499,0.3708
157,2.916666667,0.216666667,0.960252775,0.3608
158,2.927777778,0.538888889,1.914325151,0.352
159,2.944444444,-0.038888889,0.21725019,0.3358
160,2.944444444,-0.066666667,0.135465597,0.336
161,2.944444444,0.327777778,1.296806817,0.3484
162,2.966666667,0.222222222,0.993686653,0.3574
163,2.994444444,0.194444444,0.915157276,0.3486
164,3,-0.027777778,0.255235972,0.3426
165,3.027777778,0.261111111,1.132514209,0.3328
166,3.033333333,-0.055555556,0.172152954,0.3532
167,3.055555556,0.05,0.49817303,0.3568
168,3.055555556,-0.122222222,-0.028025955,0.3572
169,3.083333333,-0.688888889,-1.775093729,0.6412
170,3.1,-0.094444444,0.059252564,1.86
171,3.127777778,-0.088888889,0.076119695,1.3342
172,3.15,0.3,1.299011902,1.0416
173,3.166666667,-0.294444444,-0.573172994,0.2532
174,3.183333333,0.377777778,1.565949114,0.5932
175,3.194444444,-0.311111111,-0.631129823,0.3782
176,3.222222222,0.094444444,0.670396333,0.3666
177,3.233333333,0.427777778,1.753502446,0.3524
178,3.266666667,-0.2,-0.279688109,0.3664
179,3.288888889,-0.122222222,-0.020437157,0.3688
180,3.311111111,-0.383333333,-0.893667056,0.3664
181,3.338888889,0.005555556,0.401870924,0.3524
182,3.366666667,0.1,0.725568282,0.3588
183,3.388888889,-0.411111111,-1.006075309,0.3814
184,3.394444444,0.472222222,1.989795739,0.3818
185,3.416666667,-0.394444444,-0.957037603,0.3684
186,3.427777778,-0.077777778,0.120996505,0.3492
187,3.444444444,-0.1,0.049658753,0.351
188,3.45,0.15,0.914349709,0.3692
189,3.472222222,-0.072222222,0.146856112,0.3716
190,3.488888889,-0.305555556,-0.670718567,0.3584
191,3.5,0.388888889,1.762168132,0.3406
192,3.527777778,-0.25,-0.477189969,1.9462
193,3.533333333,0.411111111,1.859628152,2.0906
194,3.555555556,-0.044444444,0.250234147,2.4096
195,3.583333333,-0.205555556,-0.32471523,0.9874
196,3.605555556,-0.75,-2.2925605,1.134
197,3.611111111,-0.011111111,0.375256795,0.549
198,3.633333333,0.155555556,0.987644406,0.2308
199,3.638888889,-0.333333333,-0.793927247,0.3668
200,3.661111111,0.005555556,0.440492362,1.1082
201,3.672222222,-0.061111111,0.19765385,1.1526
202,3.694444444,0.166666667,1.041828266,1.8802
203,3.716666667,0.094444444,0.780373801,2.1448
204,3.738888889,0.433333333,2.054468345,2.6694
205,3.755555556,0.155555556,1.019667336,0.8984
206,3.777777778,-0.238888889,-0.465457252,0.4694
207,3.777777778,-0.027777778,0.332019685,2.5318
208,3.794444444,-0.066666667,0.187289843,2.6026
209,3.827777778,-0.072222222,0.169423098,1.7526
210,3.85,-0.044444444,0.280967299,0.1974
211,3.861111111,-0.011111111,0.404945464,0.2568
212,3.861111111,-0.061111111,0.211902962,0.4068
213,3.877777778,0.183333333,1.155076919,0.448
214,3.894444444,-0.411111111,-1.144738085,0.606
215,3.916666667,0.083333333,0.781512721,0.5234
216,3.922222222,-0.144444444,-0.113836014,1.381
217,3.944444444,0.194444444,1.225732574,1.3888
218,3.944444444,-0.127777778,-0.045169139,1.0684
219,3.966666667,-0.1,0.063162086,0.638
220,3.972222222,0.072222222,0.749343841,0.4958
221,4,-0.277777778,-0.644875845,1.0876
222,4.016666667,0.1,0.878375996,2.282
223,4.05,-0.011111111,0.425431601,0.6246
224,4.055555556,0.211111111,1.329659122,0.5548
225,4.083333333,-0.183333333,-0.271311803,2.6954
226,4.105555556,-0.022222222,0.38855854,3.7336
227,4.111111111,-0.294444444,-0.729450387,1.8378
228,4.122222222,0.255555556,1.539477407,1.0766
229,4.138888889,0.2,1.312404723,0.7684
230,4.15,-0.027777778,0.367818645,0.5558
231,4.166666667,-0.388888889,-1.131848085,0.1658
232,4.166666667,0.177777778,1.229103373,0.4362
233,4.188888889,0.072222222,0.802802068,0.3498
234,4.194444444,0.233333333,1.470788561,0.3478
235,4.211111111,0.227777778,1.452359071,0.361
236,4.222222222,0.027777778,0.613173929,0.9464
237,4.233333333,0.161111111,1.170811351,0.7164
238,4.261111111,-0.161111111,-0.178424644,1.0996
239,4.277777778,-0.077777778,0.170723949,0.5002
240,4.283333333,0.033333333,0.650767087,0.3696
241,4.305555556,-0.027777778,0.387599626,1.1316
242,4.316666667,-0.272222222,-0.666989184,0.8092
243,4.333333333,-0.033333333,0.36653716,1.012
244,4.333333333,0.261111111,1.642376811,0.6884
245,4.355555556,0.055555556,0.756117339,0.9164
246,4.366666667,-0.066666667,0.222486227,0.416
247,4.388888889,0.361111111,2.103330639,0.3896
248,4.416666667,0.161111111,1.233895198,0.7114
249,4.416666667,0.144444444,1.160289064,0.8616
250,4.438888889,0.344444444,2.056646356,1.0006
251,4.444444444,0.094444444,0.94591082,0.7124
252,4.455555556,-0.072222222,0.205670321,0.4968
253,4.472222222,0.283333333,1.797055886,0.3496
254,4.472222222,-0.044444444,0.331259945,0.7048
255,4.483333333,0.311111111,1.930371021,0.9474
256,4.5,0.044444444,0.73383322,0.4986
257,4.522222222,-0.511111111,-1.773107163,0.8082
258,4.527777778,-0.138888889,-0.091124923,0.6076
259,4.533333333,0.394444444,2.330469611,0.3778
260,4.555555556,0.133333333,1.148909823,0.3708
261,4.561111111,0.238888889,1.631594083,0.8586
262,4.583333333,0.022222222,0.647250474,1.2224
263,4.583333333,3.55271E-16,0.545405509,0.3802
264,4.611111111,-0.261111111,-0.654654245,0.6858
265,4.622222222,0.338888889,2.119241299,0.5228
266,4.638888889,-0.405555556,-1.328042882,1.0586
267,4.666666667,-0.022222222,0.453349999,0.8538
268,4.688888889,-0.094444444,0.118066084,0.8466
269,4.694444444,-0.45,-1.551411558,0.7398
270,4.716666667,0.188888889,1.456604427,0.7892
271,4.733333333,-0.244444444,-0.59492034,0.5154
272,4.761111111,-0.155555556,-0.171891504,0.8262
273,4.777777778,-0.25,-0.621665209,0.4016
274,4.794444444,0.044444444,0.784151157,0.6702
275,4.805555556,0.344444444,2.23176994,0.6486
276,4.833333333,0.105555556,1.090731619,0.604
277,4.838888889,0.027777778,0.714696354,0.5846
278,4.861111111,-0.527777778,-1.980876485,0.6284
279,4.883333333,0.477777778,2.922890139,0.39
280,4.911111111,-0.516666667,-1.947807412,0.3964
281,4.938888889,-0.083333333,0.183191724,0.3906
282,4.966666667,0.177777778,1.485398586,0.4086
283,4.972222222,-0.122222222,-0.007220119,0.3412
284,4.988888889,0.411111111,2.653953035,0.4158
285,5,-0.016666667,0.521131021,0.7658
286,5.016666667,-0.055555556,0.333274318,1.6182
287,5.027777778,-0.072222222,0.24537967,0.5942
288,5.027777778,0.133333333,1.278797442,0.7756
289,5.05,-0.361111111,-1.213031067,0.6614
290,5.077777778,0.1,1.121244024,0.377
291,5.105555556,0.238888889,1.838817373,0.5524
292,5.122222222,-0.411111111,-1.48476229,0.7862
293,5.138888889,0.316666667,2.251830763,1.181
294,5.144444444,-0.266666667,-0.746845098,0.2732
295,5.166666667,-0.438888889,-1.638749955,1.0316
296,5.172222222,0.233333333,1.840070271,0.4894
297,5.194444444,0.422222222,2.825824266,0.3854
298,5.205555556,0.127777778,1.302097844,0.8762
299,5.222222222,-0.038888889,0.433773483,0.897
300,5.238888889,0.183333333,1.596953635,0.9632
301,5.25,-0.25,-0.671471458,0.9182
302,5.25,-0.066666667,0.29096346,0.5146
303,5.272222222,0.25,1.957559956,0.3108
304,5.288888889,0.183333333,1.620543117,0.7612
305,5.305555556,0.266666667,2.063876789,0.6518
306,5.305555556,-0.022222222,0.531264379,1.3028
307,5.327777778,-0.083333333,0.209585802,0.853
308,5.344444444,0.494444444,3.299201432,1.1014
309,5.361111111,-0.383333333,-1.397537058,0.381
310,5.377777778,-0.227777778,-0.566865333,0.3462
311,5.388888889,0.288888889,2.21824641,0.6038
312,5.394444444,-0.1,0.11829362,1.1038
313,5.416666667,0.144444444,1.448071436,1.0284
314,5.416666667,0.088888889,1.147165858,0.5006
315,5.444444444,0.133333333,1.395759596,0.8998
316,5.444444444,-0.261111111,-0.751626057,0.7722
317,5.472222222,-0.705555556,-3.186636657,0.3436
318,5.488888889,0.083333333,1.134719196,0.7568
319,5.5,0.722222222,4.650199529,0.8026
320,5.5,0.294444444,2.297580841,0.6982
321,5.505555556,-0.116666667,0.035456065,1.1168
322,5.538888889,-0.161111111,-0.207171238,0.7432
323,5.555555556,-0.011111111,0.624927107,0.647
324,5.555555556,0.344444444,2.600102183,0.6136
325,5.583333333,0.077777778,1.125099901,0.416
326,5.6,0.3,2.372152136,0.3512
327,5.611111111,-0.2,-0.427046956,0.5948
328,5.633333333,-0.144444444,-0.11086737,0.6646
329,5.655555556,0.038888889,0.919313616,1.127
330,5.666666667,0.188888889,1.773888403,0.421
331,5.688888889,-0.077777778,0.260116435,0.4174
332,5.716666667,0.15,1.571705869,0.73
333,5.722222222,-0.205555556,-0.464030286,0.5688
334,5.722222222,-0.105555556,0.108153243,0.381
335,5.738888889,0.105555556,1.321752573,0.3666
336,5.75,0.027777778,0.876119688,0.3414
337,5.75,0.088888889,1.227484816,0.602
338,5.777777778,0.072222222,1.137958475,0.7374
339,5.794444444,0.138888889,1.530638838,0.896
340,5.805555556,0.372222222,2.885818886,0.3364
341,5.816666667,-0.477777778,-2.051472371,0.4846
342,5.844444444,0.05,1.01791909,0.6644
343,5.861111111,-0.016666667,0.635973754,0.5442
344,5.883333333,0.2,1.912198178,0.4266
345,5.894444444,0.033333333,0.940236316,0.9478
346,5.916666667,0.194444444,1.892726136,0.4812
347,5.916666667,-0.288888889,-0.966802718,0.5322
348,5.933333333,-0.283333333,-0.938570497,0.3776
349,5.955555556,0.305555556,2.567463825,0.4122
350,5.972222222,0.261111111,2.310382587,1.6012
351,5.988888889,0.055555556,1.085163721,1.02
352,6.016666667,-0.127777778,-0.008828318,0.4644
353,6.027777778,0.305555556,2.601549582,0.3826
354,6.044444444,-0.45,-1.963707563,0.391
355,6.061111111,0.088888889,1.302761063,0.561
356,6.088888889,0.127777778,1.553615136,1.2006
357,6.111111111,0.183333333,1.893401268,0.7062
358,6.111111111,0.322222222,2.742109308,0.7538
359,6.122222222,0.155555556,1.726824779,0.655
360,6.138888889,0.066666667,1.186779051,1.46
361,6.155555556,0.427777778,3.412756915,0.6322
362,6.166666667,0.077777778,1.261597029,0.929
363,6.177777778,0.172222222,1.848528232,1.1196
364,6.194444444,-0.222222222,-0.589986334,0.8772
365,6.222222222,0.088888889,1.343988426,0.5088
366,6.227777778,-0.538888889,-2.55886248,0.2856
367,6.25,-0.122222222,0.031589461,0.3354
368,6.25,-0.166666667,-0.246169534,0.9488
369,6.277777778,-0.038888889,0.555806424,0.5466
370,6.277777778,0.027777778,0.974296643,0.762
371,6.305555556,-0.505555556,-2.38315658,1.024
372,6.327777778,0.138888889,1.68932216,1.0326
373,6.333333333,0.244444444,2.35700258,0.4244
374,6.355555556,-0.266666667,-0.882360429,0.9
375,6.361111111,-0.155555556,-0.17594569,0.8532
376,6.383333333,-0.427777778,-1.914937675,0.3268
377,6.388888889,-0.261111111,-0.850057141,0.593
378,6.416666667,0.344444444,3.032633974,0.592
379,6.444444444,-0.038888889,0.576568186,0.5128
380,6.444444444,0.277777778,2.617170936,1.2598
381,6.455555556,-0.288888889,-1.027508811,0.9736
382,6.472222222,0.077777778,1.335111861,0.9904
383,6.483333333,-0.005555556,0.792387674,0.492
384,6.5,-0.216666667,-0.571892882,1.3486
385,6.5,0.322222222,2.930648046,0.5292
386,6.527777778,0.2,2.146418998,0.7272
387,6.538888889,-0.411111111,-1.849919963,1.4736
388,6.555555556,0.316666667,2.921355932,1.0962
389,6.555555556,-0.027777778,0.663483923,0.4678
390,6.583333333,0.083333333,1.398775244,1.1536
391,6.583333333,-0.033333333,0.630771623,0.9764
392,6.588888889,0.261111111,2.571692512,0.7754
393,6.622222222,-0.444444444,-2.07889748,0.38
394,6.638888889,0.077777778,1.375822814,0.5772
395,6.644444444,0.044444444,1.157172439,0.3972
396,6.666666667,0.011111111,0.938236477,0.6642
397,6.688888889,-0.011111111,0.790601887,1.212
398,6.694444444,-0.055555556,0.496959057,0.1674
399,6.694444444,-0.016666667,0.75728096,1.584
400,6.722222222,0.116666667,1.65774621,0.8522
401,6.727777778,-0.144444444,-0.097058271,0.649
402,6.75,-0.094444444,0.240788034,2.103
403,6.755555556,0.005555556,0.915451397,2.453
404,6.777777778,0.611111111,5.024657611,0.434
405,6.783333333,0.211111111,2.315910301,0.8874
406,6.805555556,-0.072222222,0.39621325,0.6038
407,6.827777778,0.244444444,2.565910227,0.3276
408,6.833333333,-0.322222222,-1.309268034,3.0368
409,6.855555556,-0.138888889,-0.051227701,1.8114
410,6.877777778,-0.35,-1.511977396,0.9086
411,6.888888889,0.361111111,3.389444114,2.875
412,6.9,-0.316666667,-1.271291316,3.6142
413,6.916666667,-0.444444444,-2.167127626,4.1638
414,6.933333333,-0.255555556,-0.859555899,4.478
415,6.95,0.311111111,3.071606407,3.2966
416,6.972222222,0.005555556,0.955070011,2.9932
417,6.994444444,-0.244444444,-0.784938363,0.5814
418,7.005555556,-0.022222222,0.769047345,1.94
419,7.027777778,-0.011111111,0.847907765,3.836
420,7.033333333,0.077777778,1.474914636,3.4056
421,7.055555556,-0.166666667,-0.245012717,1.2954
422,7.066666667,0.111111111,1.718217514,2.4426
423,7.083333333,0.527777778,4.673864598,0.7328
424,7.094444444,0.322222222,3.221435947,0.1996
425,7.111111111,-0.405555556,-1.943193381,0.1694
426,7.116666667,0.161111111,2.082819845,0.1806
427,7.138888889,0.277777778,2.928336663,0.5114
428,7.166666667,-0.283333333,-1.080075266,0.4594
429,7.183333333,-0.244444444,-0.80261075,0.9664
430,7.205555556,-0.138888889,-0.048882445,0.2452
431,7.222222222,0.283333333,3.006334242,0.3884
432,7.227777778,0.377777778,3.687831076,0.3498
433,7.25,-0.222222222,-0.645889378,0.3594
434,7.261111111,-0.027777778,0.764791559,0.4654
435,7.283333333,-0.083333333,0.365386237,0.7464
436,7.305555556,0.044444444,1.299695011,1.0324
437,7.322222222,0.083333333,1.587846765,1.6902
438,7.333333333,-0.033333333,0.735574112,1.1706
439,7.35,-0.033333333,0.735173171,0.8144
440,7.383333333,-0.638888889,-3.729976562,0.8192
441,7.388888889,-0.655555556,-3.853504526,1.482
442,7.416666667,0.138888889,2.025034789,0.392
443,7.427777778,-0.133333333,0.006658829,0.9484
444,7.444444444,0.188888889,2.406119877,1.2666
445,7.45,-0.133333333,0.009451275,1.7102
446,7.472222222,0.233333333,2.748486586,0.9916
447,7.494444444,0.172222222,2.298705212,0.8552
448,7.511111111,-0.327777778,-1.448618529,0.5226
449,7.527777778,-0.033333333,0.764305563,0.287
450,7.533333333,0.016666667,1.146006658,0.2504
451,7.555555556,0.1,1.775803795,1.6236
452,7.583333333,-0.144444444,-0.069898427,1.9478
453,7.605555556,-0.8,-5.053125627,1.0686
454,7.611111111,-0.422222222,-2.182852742,2.2938
455,7.616666667,-0.027777778,0.818741189,2.985
456,7.638888889,-0.383333333,-1.892406371,1.4942
457,7.655555556,-0.088888889,0.359136712,2.3982
458,7.688888889,-0.172222222,-0.281862582,0.9128
459,7.705555556,0.211111111,2.67304193,0.529
460,7.722222222,-0.011111111,0.965301569,1.2234
461,7.75,0.022222222,1.228490708,1.3842
462,7.772222222,-0.061111111,0.581302614,1.3358
463,7.783333333,0.066666667,1.578378249,1.3426
464,7.805555556,-0.377777778,-1.881879955,3.2116
465,7.816666667,-0.377777778,-1.878864433,1.706
466,7.833333333,-0.083333333,0.419176596,0.636
467,7.85,0.211111111,2.732348561,0.4988
468,7.861111111,-0.266666667,-1.019005998,0.3686
469,7.888888889,0.044444444,1.432994656,1.0492
470,7.911111111,0.161111111,2.362917089,0.7258
471,7.922222222,0.344444444,3.816626033,1.6756
472,7.944444444,0.088888889,1.799074036,2.8496
473,7.972222222,0.238888889,3.002590902,3.1632
474,7.972222222,0.083333333,1.7625513,3.9676
475,7.988888889,-0.3,-1.299179016,4.1882
476,8.005555556,-0.377777778,-1.923262644,2.7748
477,8.044444444,-0.094444444,0.348244396,2.6648
478,8.072222222,-0.111111111,0.219495936,1.176
479,8.105555556,0.577777778,5.80641827,0.7156
480,8.133333333,0.205555556,2.803204871,1.6018
481,8.138888889,-0.038888889,0.813829525,2.0182
482,8.166666667,-0.238888889,-0.817696873,3.3148
483,8.194444444,0.338888889,3.917947569,2.7074
484,8.211111111,-0.138888889,0.005573143,1.6182
485,8.227777778,-0.066666667,0.596446534,0.6498
486,8.25,-0.111111111,0.235392096,0.4096
487,8.266666667,-0.155555556,-0.124735655,2.1636
488,8.3,-0.177777778,-0.309675966,3.3796
489,8.322222222,-0.172222222,-0.273039437,3.2272
490,8.333333333,-0.461111111,-2.673923374,4.453
491,8.361111111,-0.111111111,0.244960558,2.8838
492,8.377777778,-0.405555556,-2.221007501,0.4544
493,8.394444444,0.4,4.538329534,0.796
494,8.416666667,-1.466666667,-11.15865327,3.8144
495,8.444444444,0.055555556,1.659606323,3.9318
496,8.45,0.177777778,2.693364719,1.1518
497,8.472222222,0.105555556,2.090292782,0.4782
498,8.483333333,0.061111111,1.713690791,0.3038
499,8.505555556,0.116666667,2.19728893,0.8896
500,8.527777778,0.411111111,4.712857546,1.1422
501,8.533333333,0.016666667,1.352014828,2.0084
502,8.577777778,0.294444444,3.746329947,0.5716
503,8.583333333,-0.633333333,-4.217284884,0.3084
504,8.6,-0.005555556,1.176627911,0.0482
505,8.611111111,-0.033333333,0.93707811,0.1472
506,8.633333333,0.194444444,2.903967376,0.2654
507,8.644444444,-0.516666667,-3.229310448,0.339
508,8.683333333,0.077777778,1.916249387,0.337
509,8.694444444,-0.027777778,0.999603375,1.2916
510,8.7,-0.405555556,-2.29023802,1.3988
511,8.722222222,0.416666667,4.880811731,0.3262
512,8.738888889,3.55271E-16,1.247143736,0.3838
513,8.783333333,-0.011111111,1.16279323,0.3752
514,8.822222222,-0.055555556,0.774268311,0.3978
515,8.85,0.155555556,2.648894084,0.3502
516,8.861111111,-0.011111111,1.177076154,0.3142
517,8.872222222,-0.333333333,-1.676586474,0.3432
518,8.888888889,-0.155555556,-0.101303558,0.3542
519,8.916666667,-0.361111111,-1.932562185,0.643
520,8.944444444,0.105555556,2.237023807,1.5464
521,8.944444444,-0.211111111,-0.595192079,0.4942
522,8.966666667,-0.016666667,1.151337624,1.0782
523,8.988888889,0.016666667,1.447974928,1.5086
524,9,0.188888889,3.004533277,0.5872
525,9.022222222,0.033333333,1.609634262,2.2174
526,9.05,-0.583333333,-3.964967637,3.5472
527,9.055555556,-0.333333333,-1.701905927,4.402
528,9.066666667,-0.133333333,0.108358186,3.266
529,9.083333333,-0.105555556,0.363581211,1.4746
530,9.111111111,-0.205555556,-0.544479907,0.5334
531,9.133333333,-0.022222222,1.131761143,0.9618
532,9.166666667,-0.461111111,-2.886444042,1.5842
533,9.166666667,-0.105555556,0.372594833,2.178
534,9.194444444,0.1,2.265473109,1.8558
535,9.216666667,0.483333333,5.805053026,1.25
536,9.244444444,-0.016666667,1.206115663,0.6678
537,9.25,-0.022222222,1.1525357,0.2054
538,9.266666667,0.3,4.142672801,0.2004
539,9.288888889,-0.494444444,-3.229785332,0.699
540,9.327777778,-0.05,0.909414843,0.3494
541,9.355555556,0.6,6.997166144,1.2442
542,9.372222222,-0.55,-3.781945489,2.7054
543,9.388888889,0.038888889,1.753429378,1.3976
544,9.411111111,0.061111111,1.970640846,0.7466
545,9.444444444,-0.227777778,-0.750541515,2.0202
546,9.472222222,0.205555556,3.353617287,2.4072
547,9.5,-0.344444444,-1.855925902,2.8578
548,9.55,0.133333333,2.694538106,0.9888
549,9.572222222,-0.061111111,0.844219362,0.5502
550,9.594444444,0.438888889,5.644849866,0.352
551,9.611111111,-0.116666667,0.316379133,0.4618
552,9.661111111,-0.011111111,1.344829557,0.675
553,9.666666667,0.072222222,2.148186056,0.4108
554,9.688888889,0.222222222,3.608657772,0.589
555,9.694444444,0.244444444,3.825946191,2.3156
556,9.727777778,-0.011111111,1.365915295,1.7436
557,9.75,-0.272222222,-1.185046239,0.5672
558,9.772222222,-0.25,-0.968893822,0.3536
559,9.8,-0.25,-0.970739072,0.3442
560,9.838888889,-0.427777778,-2.722986555,0.334
561,9.872222222,0.188888889,3.366198907,0.3562
562,9.938888889,-0.055555556,0.958897051,0.3282
563,9.972222222,-0.038888889,1.129269046,0.3382
564,10,-0.338888889,-1.862221847,0.3512
565,10.03888889,-0.072222222,0.809170888,0.342
566,10.08333333,-0.105555556,0.481637312,0.3366
567,10.10555556,-0.055555556,0.988369266,0.3308
568,10.12777778,0.033333333,1.901257205,0.313
569,10.15,0.211111111,3.707459561,0.3204
570,10.19444444,0.277777778,4.403735394,0.3246
571,10.22777778,-0.055555556,1.011425104,0.3666
572,10.25,0.383333333,5.514254207,0.3664
573,10.26666667,-0.088888889,0.677050269,0.3602
574,10.27777778,0.055555556,2.162937326,0.357
575,10.29444444,0.161111111,3.252658175,0.3478
576,10.32222222,-0.6,-4.591381721,0.3734
577,10.35,-0.111111111,0.457397388,0.394
578,10.36111111,0.322222222,4.950355767,0.353
579,10.37222222,-0.144444444,0.115402766,1.1578
580,10.41666667,0.138888889,3.072094959,2.4216
581,10.44444444,0.144444444,3.140716829,1.7078
582,10.44444444,-0.172222222,-0.166466938,0.301
583,10.47222222,0.455555556,6.40929483,1.7502
584,10.49444444,-0.066666667,0.945181105,1.1306
585,10.51111111,0.238888889,4.160150265,1.666
586,10.54444444,0.038888889,2.06707213,2.6654
587,10.57777778,0.011111111,1.785779885,2.9508
588,10.60555556,-0.305555556,-1.564547333,3.22
589,10.63888889,7.10543E-16,1.679892135,2.741
590,10.66666667,-1.194444444,-11.05309699,3.0566
591,10.67777778,-0.038888889,1.275530492,4.0778
592,10.70555556,0.038888889,2.111248553,4.6086
593,10.72222222,-0.094444444,0.688032278,2.271
594,10.73888889,0.027777778,2.003067937,2.0068
595,10.75,-0.016666667,1.528409429,4.1034
596,10.77222222,-0.244444444,-0.915236046,4.054
597,10.78888889,-0.211111111,-0.555055402,1.0128
598,10.81666667,0.161111111,3.468793334,1.8356
599,10.83333333,-0.127777778,0.344348068,2.1364
600,10.85,-0.088888889,0.763964546,0.6872
601,10.86666667,-0.816666667,-7.137303146,1.764
602,10.88888889,0.138888889,3.254817551,0.9922
603,10.91111111,0.122222222,3.085939119,0.3074
604,10.93888889,0.188888889,3.822593057,0.4904
605,10.95,0.2,3.949493507,3.3214
606,10.97222222,-0.111111111,0.544753097,1.2336
607,10.98888889,0.205555556,4.028416686,3.8506
608,11,0.111111111,2.99306145,1.5092
609,11.02222222,-0.105555556,0.610967524,0.5928
610,11.05555556,0.011111111,1.908041089,1.555
611,11.08333333,-0.105555556,0.621015015,4.3956
612,11.11666667,0.133333333,3.280854884,1.6338
613,11.15,0.194444444,3.974809078,0.7472
614,11.17222222,0.1,2.932365651,2.3846
615,11.19444444,0.122222222,3.189382975,3.7862
616,11.22222222,-0.105555556,0.644046843,3.9944
617,11.24444444,-0.366666667,-2.288966892,2.9266
618,11.27222222,-0.033333333,1.467157658,1.0046
619,11.29444444,0.094444444,2.912733099,2.9744
620,11.31666667,0.038888889,2.290558838,1.5714
621,11.33333333,-0.027777778,1.543011638,2.0438
622,11.36111111,0,1.865171607,2.2344
623,11.36111111,0.055555556,2.496301768,2.4676
624,11.36111111,0.155555556,3.632336058,3.0442
625,11.38333333,-0.116666667,0.54292952,2.597
626,11.41111111,-0.05,1.30845904,3.363
627,11.45555556,-0.327777778,-1.865860658,1.237
628,11.47222222,0.288888889,5.208807334,1.084
629,11.51111111,0.244444444,4.71636806,1.3704
630,11.53888889,0.005555556,1.977132912,0.4926
631,11.57222222,-0.061111111,1.211820038,1.302
632,11.61111111,-0.172222222,-0.067198968,4.6824
633,11.61111111,-0.116666667,0.577819143,3.493
634,11.63888889,0.35,6.013257308,3.3504
635,11.63888889,-0.033333333,1.551984916,1.2146
636,11.66666667,-0.055555556,1.299401833,0.6326
637,11.67222222,-0.033333333,1.559392927,1.7608
638,11.71666667,0.194444444,4.237445481,1.5634
639,11.73888889,-0.194444444,-0.315239309,0.757
640,11.77777778,-0.294444444,-1.48962131,1.6252
641,11.80555556,0.011111111,2.116894747,1.663
642,11.84444444,0.461111111,7.460354862,1.3456
643,11.87222222,0.105555556,3.253559175,2.862
644,11.89444444,-0.122222222,0.555313599,1.8018
645,11.91666667,-0.45,-3.345461861,0.8474
646,11.94444444,-0.088888889,0.962806186,0.7844
647,11.95555556,0.161111111,3.950141071,1.0406
648,11.97222222,-0.105555556,0.768621433,3.134
649,12.00555556,-0.216666667,-0.558927102,4.255
650,12.02777778,0.377777778,6.591467688,1.9678
651,12.03888889,0.211111111,4.590584357,0.754
652,12.05555556,-0.272222222,-1.225750898,0.388
653,12.08888889,0.005555556,2.126246549,0.572
654,12.12222222,0.061111111,2.821191329,1.1826
655,12.15,-0.388888889,-2.641332036,0.3062
656,12.16666667,-0.038888889,1.61438659,2.4496
657,12.18888889,-0.233333333,-0.748981865,3.4468
658,12.22222222,0.066666667,2.915302408,2.0554
659,12.25,0.116666667,3.540555646,2.0244
660,12.26111111,-0.083333333,1.090849576,1.969
661,12.30555556,0.072222222,3.016253504,1.593
662,12.31666667,0.255555556,5.278745622,0.4516
663,12.33333333,-0.022222222,1.861601775,1.646
664,12.35,0.016666667,2.347447405,1.9394
665,12.37222222,-0.311111111,-1.700728703,1.0596
666,12.4,0.188888889,4.500345738,0.5614
667,12.42777778,0.038888889,2.646584847,0.6
668,12.44444444,0.438888889,7.629541069,2.3966
669,12.46666667,0.088888889,3.280673125,2.4898
670,12.48888889,0.022222222,2.46120894,3.3416
671,12.53333333,0.044444444,2.754754355,3.3108
672,12.55555556,0.022222222,2.480040624,4.1856
673,12.58333333,-0.177777778,-0.027568815,1.3374
674,12.59444444,-0.094444444,1.021818946,1.987
675,12.61111111,-0.088888889,1.096696412,3.299
676,12.63888889,-0.25,-0.930959859,2.0134
677,12.69444444,-0.111111111,0.836075238,1.4556
678,12.74444444,-0.288888889,-1.423369385,1.4384
679,12.76666667,0.172222222,4.460126301,2.4322
680,12.77777778,0.061111111,3.048621314,2.083
681,12.80555556,0.016666667,2.489664385,1.2726
682,12.82777778,-0.111111111,0.854726263,1.4326
683,12.87777778,0.344444444,6.735200889,1.5094
684,12.88888889,-0.2,-0.275890464,0.6394
685,12.91666667,-0.116666667,0.803401044,2.0952
686,12.93333333,0.161111111,4.396407262,0.3366
687,12.98333333,0.027777778,2.688038452,0.495
688,13.01666667,0.033333333,2.774442923,1.5522
689,13.04444444,-0.027777778,1.985443859,3.5158
690,13.05555556,-0.066666667,1.482915979,4.5232
691,13.07222222,-0.033333333,1.923886948,4.9336
692,13.11111111,-0.127777778,0.695380961,4.7566
693,13.13333333,-0.294444444,-1.487006408,0.6798
694,13.16666667,-0.172222222,0.120575121,0.7498
695,13.19444444,-0.372222222,-2.514166358,2.9964
696,13.21111111,-0.05,1.743284755,3.7958
697,13.25,0.005555556,2.487945677,4.5016
698,13.27777778,0.133333333,4.193410247,2.1728
699,13.28888889,0.061111111,3.235901168,1.8234
700,13.31666667,-0.127777778,0.7352003,2.9016
701,13.33333333,-0.033333333,1.996453019,3.1092
702,13.36666667,0.127777778,4.158366418,1.467
703,13.39444444,-0.222222222,-0.515117885,3.2526
704,13.43333333,0.155555556,4.560023021,2.627
705,13.46666667,-0.15,0.465973562,0.3658
706,13.5,0.05,3.169490259,1.1954
707,13.53333333,0.227777778,5.587106157,0.9456
708,13.55555556,0.05,3.190340159,3.59
709,13.58333333,-0.127777778,0.786148049,4.491
710,13.59444444,-0.022222222,2.225953829,4.8272
711,13.61666667,-0.005555556,2.45513195,2.49
712,13.63888889,0.116666667,4.130985352,2.6424
713,13.63888889,-0.322222222,-1.854566681,2.2824
714,13.66111111,-0.172222222,0.192113477,1.778
715,13.7,0.094444444,3.855620788,0.9174
716,13.72777778,0.05,3.254204821,0.9134
717,13.77222222,0.033333333,3.041967819,0.36
718,13.78333333,0.027777778,2.966504287,0.5032
719,13.81111111,-0.244444444,-0.775524452,0.619
720,13.84444444,0.038888889,3.143380759,2.4878
721,13.87777778,-0.294444444,-1.47074616,4.0028
722,13.91111111,-0.155555556,0.464099668,5.308
723,13.93888889,0.233333333,5.892237781,3.1252
724,13.95,0.127777778,4.426183865,0.6438
725,13.98333333,0.033333333,3.118268859,0.1716
726,14.02777778,-0.3,-1.536066953,2.7146
727,14.09444444,-0.138888889,0.728985906,3.104
728,14.13333333,0.272222222,6.553348946,3.0032
729,14.14444444,-0.022222222,2.394333746,4.1436
730,14.16666667,0.266666667,6.495071882,4.363
731,14.19444444,0.005555556,2.805989583,1.106
732,14.20555556,-0.044444444,2.101240053,0.286
733,14.23333333,-0.061111111,1.871988247,0.1546
734,14.26111111,-0.161111111,0.453951983,0.183
735,14.28333333,-0.1,1.332458781,1.2412
736,14.32222222,-0.261111111,-0.965541885,2.2514
737,14.34444444,0.5,9.959088296,0.6822
738,14.36666667,0.094444444,4.140575091,0.3538
739,14.39444444,0.194444444,5.598231962,0.8042
740,14.43333333,-0.05,2.088720544,1.995
741,14.46111111,0,2.820558941,0.9024
742,14.50555556,0.222222222,6.063266798,2.3014
743,14.52777778,0.155555556,5.103791392,0.5602
744,14.56111111,0.038888889,3.426137868,0.3272
745,14.58333333,-0.061111111,1.97275359,1.583
746,14.62777778,0.116666667,4.589132256,1.0482
747,14.66111111,0.105555556,4.441566266,0.5074
748,14.69444444,-0.127777778,1.026354584,0.7672
749,14.70555556,-0.105555556,1.355815652,0.8194
750,14.72777778,0.05,3.650897539,0.8266
751,14.77222222,-0.188888889,0.142584503,1.5092
752,14.8,-0.188888889,0.145606033,0.9604
753,14.84444444,-0.033333333,2.46911695,0.891
754,14.90555556,-0.072222222,1.899451707,2.3764
755,14.95555556,-0.038888889,2.416787437,1.3638
756,14.99444444,0.122222222,4.846306996,0.2038
757,15.01666667,0.1,4.525726458,1.041
758,15.03333333,0.1,4.532698285,2.362
759,15.08333333,0.072222222,4.136105035,2.4224
760,15.08333333,0.038888889,3.633361254,2.5592
761,15.10555556,0.072222222,4.144580379,1.4678
762,15.13888889,-0.066666667,2.059399843,0.6532
763,15.18333333,0.027777778,3.504272516,1.957
764,15.22222222,-0.055555556,2.253465835,2.6348
765,15.25,-0.205555556,-0.024893907,1.1114
766,15.27222222,0.211111111,6.341144304,2.0872
767,15.29444444,-0.238888889,-0.527863898,1.7918
768,15.32222222,0.055555556,3.989988401,2.8212
769,15.37222222,-0.05,2.392881318,1.8396
770,15.41111111,7.10543E-16,3.169493724,4.6326
771,15.43888889,0.094444444,4.639512289,3.3768
772,15.48333333,-0.205555556,0.013951482,1.5592
773,15.50555556,-0.272222222,-1.00992667,3.4664
774,15.52777778,0.172222222,5.890366282,4.0176
775,15.56111111,-0.038888889,2.61885187,4.473
776,15.59444444,0.177777778,6.018517372,4.033
777,15.62222222,0.033333333,3.771675068,2.824
778,15.64444444,0.194444444,6.305994001,3.3702
779,15.68333333,-0.288888889,-1.256742967,3.2542
780,15.7,0.316666667,8.254586922,3.795
781,15.72777778,0.044444444,3.993165756,2.1126
782,15.77222222,0.033333333,3.837495279,1.4248
783,15.81111111,-0.222222222,-0.186120145,0.377
784,15.85,0.1,4.925970318,1.5276
785,15.87222222,0.061111111,4.321632362,5.1582
786,15.92777778,0.105555556,5.058091814,5.7704
787,15.94444444,-0.244444444,-0.515999928,2.7422
788,15.97222222,-0.094444444,1.884090148,1.0434
789,15.99444444,0.044444444,4.113761417,1.5566
790,16.00555556,0.077777778,4.651249471,1.8582
791,16.02777778,-0.027777778,2.96978688,3.735
792,16.04444444,0.038888889,4.046549474,3.092
793,16.06666667,1.42109E-15,3.42909033,2.9882
794,16.10555556,-0.016666667,3.180465329,1.5028
795,16.15555556,-0.066666667,2.390039057,0.2836
796,16.17777778,-0.227777778,-0.215316745,0.3022
797,16.2,-0.2,0.245957291,0.1062
798,16.22777778,0.594444444,13.15283743,0.3412
799,16.25,-0.044444444,2.783863244,3.0598
800,16.26666667,-0.022222222,3.150155342,1.8974
801,16.3,0.177777778,6.425799202,2.6422
802,16.32222222,0.016666667,3.806052169,4.085
803,16.33888889,-0.216666667,0.005225901,4.5638
804,16.36111111,0.088888889,5.006441409,5.0306
805,16.38333333,0.35,9.298313164,5.0248
806,16.42222222,-0.011111111,3.39649238,4.0542
807,16.45555556,-0.122222222,1.580536713,2.0528
808,16.48333333,-0.077777778,2.324447231,1.9314
809,16.51111111,0.077777778,4.898199795,0.5854
810,16.52777778,-0.083333333,2.245090761,3.6566
811,16.58333333,-0.05,2.817255039,5.4592
812,16.61666667,-0.044444444,2.919875602,5.2484
813,16.66111111,0.105555556,5.437323995,5.909
814,16.71111111,0.2,7.043086784,5.7588
815,16.73333333,0.305555556,8.821052809,3.1426
816,16.75,0.1,5.392203411,1.56
817,16.77222222,0.033333333,4.284749897,4.6266
818,16.80555556,0.216666667,7.382303574,2.4902
819,16.83333333,0.016666667,4.03456782,3.5588
820,16.86111111,-0.266666667,-0.730504751,4.1976
821,16.87222222,-0.011111111,3.584388433,4.1408
822,16.91666667,-0.105555556,2.004213914,2.3316
823,16.93888889,-0.15,1.260450803,2.395
824,16.94444444,-0.161111111,1.072156789,1.4372
825,16.96666667,0.205555556,7.29708082,2.2302
826,16.97222222,0.116666667,5.79406654,2.32
827,16.99444444,0.161111111,6.562129103,2.1382
828,17.02222222,0.211111111,7.428949222,3.1944
829,17.03888889,-0.244444444,-0.31671218,3.345
830,17.06111111,0.005555556,3.94746127,4.2222
831,17.08333333,0.155555556,6.520408096,4.6128
832,17.11111111,0.033333333,4.445851295,4.6366
833,17.12222222,-0.077777778,2.550463875,4.7046
834,17.13888889,-0.15,1.317227586,4.8514
835,17.15555556,0.005555556,3.989762812,4.9264
836,17.18333333,0.038888889,4.576519942,4.049
837,17.20555556,0.1,5.637325991,4.3422
838,17.22222222,-0.194444444,0.576622165,3.736
839,17.22777778,-0.1,2.205243157,3.0098
840,17.25,-0.105555556,2.116932881,3.0116
841,17.27777778,0.072222222,5.197605974,2.9826
842,17.30555556,0.027777778,4.44337045,2.7396
843,17.32777778,0.111111111,5.89638294,2.7412
844,17.35,-0.138888889,1.574185972,2.4064
845,17.36111111,0.083333333,5.434519607,1.9886
846,17.37222222,0.1,5.726278942,2.8024
847,17.38888889,-0.294444444,-1.119231525,3.4416
848,17.40555556,-0.105555556,2.165763142,3.5752
849,17.41666667,-0.172222222,1.013804508,3.0546
850,17.44444444,-0.344444444,-1.982413284,2.9308
851,17.45,0.161111111,6.842063554,3.2182
852,17.47222222,0.116666667,6.076823161,3.3158
853,17.48888889,0.172222222,7.057550529,3.4956
854,17.54444444,0.127777778,6.311699479,3.5568
855,17.55555556,-0.138888889,1.638740721,4.5882
856,17.56666667,0,4.079818733,4.9678
857,17.58333333,0.194444444,7.508426817,4.4436
858,17.61111111,-0.016666667,3.809036119,2.2044
859,17.63333333,-0.266666667,-0.584522731,1.6946
860,17.63888889,0,4.115422311,0.8372
861,17.64444444,0.138888889,6.568457251,1.3538
862,17.66666667,-0.055555556,3.146924006,2.9422
863,17.68888889,0.016666667,4.434972301,3.4968
864,17.69444444,0.127777778,6.402089178,3.5792
865,17.72222222,0.138888889,6.615514109,4.1802
866,17.72222222,-0.116666667,2.086808006,4.7484
867,17.72222222,-0.155555556,1.397657077,5.5006
868,17.74444444,0.072222222,5.444516472,5.5206
869,17.75,0.088888889,5.744936828,3.4176
870,17.76666667,-0.05,3.286411907,2.054
871,17.77777778,-7.10543E-16,4.180300143,1.5494
872,17.80555556,0.111111111,6.171625343,1.0126
873,17.82222222,-0.166666667,1.23012475,1.4296
874,17.85555556,-0.027777778,3.721773397,1.232
875,17.86111111,0.177777778,7.394674507,2.8368
876,17.87777778,0.116666667,6.309275853,2.9568
877,17.88888889,0.227777778,8.307149096,4.1776
878,17.91111111,-0.116666667,2.153759957,2.528
879,17.91666667,0.011111111,4.444976239,3.169
880,17.95555556,0.155555556,7.05837132,4.1702
881,17.97222222,-0.044444444,3.473658139,2.5152
882,17.98888889,-0.183333333,0.981635865,0.9036
883,18.01666667,0.233333333,8.501516581,0.3774
884,18.05,-0.138888889,1.800055313,0.24
885,18.07222222,0.122222222,6.530480958,0.264
886,18.09444444,0.144444444,6.944704107,2.2524
887,18.11111111,-0.072222222,3.031090502,4.436
888,18.13888889,-0.005555556,4.251683283,4.5696
889,18.13888889,-0.066666667,3.143270582,0.9746
890,18.18333333,0.144444444,6.99774274,2.4096
891,18.23888889,-0.35,-1.97802624,5.0366
892,18.25,0,4.406434437,5.3252
893,18.25,0.016666667,4.710580536,1.9712
894,18.25,0.305555556,9.982446262,4.5822
895,18.26111111,0.266666667,9.280361205,2.4352
896,18.27777778,-0.111111111,2.389279631,4.2744
897,18.3,0.111111111,6.462386811,1.4944
898,18.32222222,-0.116666667,2.305050227,3.1534
899,18.33888889,-0.122222222,2.209076276,2.5552
900,18.36111111,0.077777778,5.888894403,1.5864
901,18.37777778,-0.005555556,4.365886848,2.5726
902,18.4,-0.177777778,1.205617605,1.3966
903,18.41666667,0.072222222,5.818324519,3.3056
904,18.44444444,0.055555556,5.52669831,1.0142
905,18.44444444,-0.05,3.579916376,1.1744
906,18.47222222,-0.005555556,4.41324463,1.9588
907,18.5,-0.138888889,1.960405929,2.3214
908,18.52777778,-0.066666667,3.307353164,2.271
909,18.57777778,0.116666667,6.733965472,2.0582
910,18.58333333,0.072222222,5.913345857,1.786
911,18.58333333,-0.155555556,1.680761704,3.807
912,18.59444444,-0.116666667,2.407121585,2.4544
913,18.62222222,-0.1,2.729693228,1.8536
914,18.63888889,-0.127777778,2.217739452,0.8264
915,18.65,0.05,5.541633518,4.1798
916,18.66666667,-0.161111111,1.606010007,4.4856
917,18.66666667,0.205555556,8.449991645,3.392
918,18.66666667,0.088888889,6.272361124,0.8326
919,18.69444444,0.127777778,7.016749878,1.8952
920,18.72222222,0.038888889,5.369343615,2.7896
921,18.72222222,-0.122222222,2.35318955,2.3668
922,18.72222222,0.027777778,5.16133299,2.4702
923,18.74444444,-0.127777778,2.2572178,2.9144
924,18.75,0.061111111,5.801154887,3.0214
925,18.75,-0.161111111,1.634769961,1.1558
926,18.77222222,0.027777778,5.187496037,2.957
927,18.77777778,-0.061111111,3.522069373,2.4916
928,18.77777778,0.172222222,7.903254588,0.715
929,18.77777778,0.216666667,8.737766058,1.4236
930,18.8,-0.111111111,2.589475449,2.4566
931,18.82777778,-0.127777778,2.289015763,2.7254
932,18.83333333,0.005555556,4.802485608,3.6026
933,18.87222222,0.111111111,6.81362509,1.6686
934,18.88888889,-0.055555556,3.677016239,0.8382
935,18.88888889,-2.13163E-15,4.726327998,1.8926
936,18.91666667,-0.005555556,4.635521792,1.872
937,18.92222222,0.088888889,6.422831133,1.1324
938,18.95,0.277777778,10.02101053,0.5218
939,18.97777778,-0.222222222,0.554981211,0.3226
940,19,0.055555556,5.839117046,0.5156
941,19,-0.244444444,0.139502468,2.279
942,19.02222222,-0.05,3.84475784,0.754
943,19.02777778,-0.072222222,3.423901979,0.2666
944,19.05,0.127777778,7.242446444,0.1342
945,19.05555556,-0.011111111,4.600759394,0.1522
946,19.08333333,-0.166666667,1.646600477,0.1812
947,19.08333333,0.033333333,5.463009068,1.0316
948,19.1,-0.144444444,2.076722006,0.7326
949,19.13888889,0.216666667,9.000764656,0.2628
950,19.18333333,-0.077777778,3.385254276,0.298
951,19.19444444,-0.205555556,0.939868678,0.3522
952,19.21666667,-0.027777778,4.364918524,0.3544
953,19.22777778,-0.016666667,4.584340885,0.3496
954,19.25,0.244444444,9.619646737,0.614
955,19.26111111,-0.016666667,4.598856092,1.459
956,19.27777778,-0.205555556,0.966712018,0.8042
957,19.30555556,0.111111111,7.088735929,1.3994
958,19.31111111,-0.027777778,4.409151822,3.0778
959,19.33333333,0.111111111,7.106574854,3.8516
960,19.35,0.005555556,5.076540292,0.967
961,19.37777778,-0.161111111,1.858846619,1.0474
962,19.39444444,0.038888889,5.747418876,0.3102
963,19.41666667,-0.038888889,4.247980168,0.2018
964,19.42777778,0.244444444,9.754640681,0.7274
965,19.44444444,0.027777778,5.557989229,0.6012
966,19.47222222,0.222222222,9.359682862,0.4216
967,19.5,-0.277777778,-0.368540655,1.0628
968,19.5,-0.094444444,3.206217611,0.7934
969,19.53333333,-0.088888889,3.328047392,1.5198
970,19.55555556,0.15,8.010880838,1.0764
971,19.57777778,0.244444444,9.877109561,1.958
972,19.58333333,-0.111111111,2.917008457,2.3024
973,19.60555556,0.111111111,7.284019831,2.0486
974,19.61666667,-0.066666667,3.80232866,1.3548
975,19.64444444,0.083333333,6.761532197,1.5138
976,19.67777778,0.244444444,9.953416386,0.2844
977,19.69444444,0.033333333,5.809713281,0.245
978,19.71666667,0.033333333,5.821258665,0.2422
979,19.72777778,-0.016666667,4.842845151,1.346
980,19.75,-0.094444444,3.318563607,1.4374
981,19.75,0.033333333,5.842004077,2.0594
982,19.77222222,0.255555556,10.25083501,2.5422
983,19.79444444,0.066666667,6.5264392,1.1168
984,19.80555556,-0.255555556,0.153207007,0.2702
985,19.83333333,-0.327777778,-1.270868272,0.177
986,19.85555556,0.022222222,5.681233206,0.518
987,19.88333333,-0.116666667,2.937398621,1.518
988,19.89444444,0.027777778,5.81744449,0.6066
989,19.92222222,-0.355555556,-1.802712008,0.6212
990,19.95555556,0.1,7.29255958,1.2982
991,19.97222222,-0.077777778,3.753486839,0.4722
992,19.97777778,0.044444444,6.194082382,0.4762
993,20.01111111,-0.177777778,1.772291396,0.4204
994,20.02777778,-0.016666667,5.004096585,1.0208
995,20.05555556,-0.1,3.348046532,1.381
996,20.06666667,-0.2,1.346717914,0.5552
997,20.08888889,0.305555556,11.50807862,1.5138
998,20.11111111,-0.038888889,4.602712026,0.2096
999,20.13333333,-0.011111111,5.175261303,1.0208
1000,20.16666667,0.144444444,8.328947751,1.1988
1001,20.19444444,0.033333333,6.105046076,1.1342
1002,20.19444444,-0.194444444,1.505511429,2.73
1003,20.22222222,0.161111111,8.705542757,2.5702
1004,20.25,-0.222222222,0.963870844,2.1708
1005,20.25555556,0.005555556,5.580157123,1.4644
1006,20.28333333,0.011111111,5.70728322,1.5026
1007,20.31111111,-0.038888889,4.704272198,1.838
1008,20.33888889,-0.044444444,4.611418229,0.1492
1009,20.36666667,0.061111111,6.773846445,0.172
1010,20.43333333,-0.155555556,2.388533841,1.098
1011,20.45555556,0.011111111,5.809191398,0.9506
1012,20.47222222,-0.211111111,1.269773869,2.1244
1013,20.48333333,-0.077777778,4.006133701,0.4534
1014,20.51111111,-0.022222222,5.158774012,0.5616
1015,20.55555556,0.244444444,10.66424355,1.0252
1016,20.58333333,0.172222222,9.200783745,1.063
1017,20.61111111,0.066666667,7.04636188,0.5446
1018,20.65,-0.222222222,1.108794014,0.964
1019,20.69444444,-0.216666667,1.237885074,0.193
1020,20.72777778,0.122222222,8.276542217,0.8134
1021,20.78888889,0.127777778,8.43158542,0.699
1022,20.82222222,-0.111111111,3.485843071,0.8754
1023,20.83333333,0.133333333,8.581311236,1.1738
1024,20.86666667,0.094444444,7.794159221,1.0822
1025,20.91111111,-0.083333333,4.107587284,0.3344
1026,20.96666667,0.094444444,7.862148069,0.9256
1027,21.00555556,-0.155555556,2.64474564,0.769
1028,21.02777778,-0.405555556,-2.606915467,0.3124
1029,21.05,0.144444444,8.973498726,0.9378
1030,21.08888889,-0.216666667,1.391579467,0.3148
1031,21.12222222,-0.15,2.814687756,0.8248
1032,21.16111111,-0.216666667,1.416888594,0.5048
1033,21.19444444,-0.044444444,5.079918634,0.8748
1034,21.21111111,-0.211111111,1.553949909,1.3532
1035,21.23333333,0.227777778,10.88238192,1.3526
1036,21.25555556,-0.094444444,4.052050978,1.3428
1037,21.27777778,-0.011111111,5.836590496,0.8274
1038,21.3,0.094444444,8.097977546,0.5826
1039,21.32777778,-0.038888889,5.272729543,1.249
1040,21.34444444,0.05,7.180750338,0.8394
1041,21.38888889,0.144444444,9.230999069,0.561
1042,21.40555556,-0.016666667,5.795294483,1.9976
1043,21.41666667,0.033333333,6.872806884,0.4926
1044,21.43333333,-0.15,2.952433922,1.1676
1045,21.46666667,-0.127777778,3.447263569,1.0308
1046,21.5,-0.116666667,3.700807828,0.6436
1047,21.53888889,0.188888889,10.30513845,3.0214
1048,21.56666667,0.033333333,6.970659235,1.438
1049,21.58333333,-0.138888889,3.265809544,1.715
1050,21.6,-0.05,5.193779188,0.5218
1051,21.62777778,0.061111111,7.61253814,1.3778
1052,21.64444444,-0.111111111,3.896936279,0.257
1053,21.66666667,0.038888889,7.158467517,0.6034
1054,21.71111111,0.094444444,8.392922551,1.8346
1055,21.75,-0.166666667,2.744136411,2.7662
1056,21.75555556,0.133333333,9.271159898,0.5238
1057,21.83333333,0.277777778,12.48443006,1.2726
1058,21.87777778,-0.1,4.262599612,3.147
1059,21.88888889,0.061111111,7.79543404,2.1192
1060,21.91666667,0.105555556,8.789042807,0.3258
1061,21.93888889,0.083333333,8.319630449,1.3368
1062,21.96666667,-0.194444444,2.23708483,0.6592
1063,21.97222222,-7.10543E-16,6.511687303,0.6082
1064,22.00555556,-0.466666667,-3.732973447,0.8852
1065,22.02777778,-0.094444444,4.467484633,0.374
1066,22.05,0.155555556,9.992072264,0.2412
1067,22.06666667,0.088888889,8.534362984,0.5254
1068,22.1,-0.15,3.279632571,1.9042
1069,22.13333333,-0.172222222,2.806110964,0.2348
1070,22.15555556,-0.088888889,4.663925419,2.211
1071,22.17222222,0.044444444,7.627138781,1.5492
1072,22.21111111,0.033333333,7.406604783,0.5586
1073,22.23333333,-0.116666667,4.088460229,2.1272
1074,22.26111111,-0.066666667,5.216149991,1.729
1075,22.27777778,0.011111111,6.959309771,3.4034
1076,22.30555556,0.066666667,8.217141617,2.4432
1077,22.34444444,-2.84217E-15,6.755735486,2.6354
1078,22.38333333,0.277777778,12.99896674,0.6166
1079,22.4,-0.35,-1.050221807,0.254
1080,22.43888889,-0.027777778,6.195204711,1.6728
1081,22.48333333,-0.105555556,4.476525693,0.8666
1082,22.52222222,0.038888889,7.749381284,0.7612
1083,22.52777778,-0.005555556,6.753652353,2.0142
1084,22.55555556,-0.088888889,4.894285417,1.2448
1085,22.58333333,0.088888889,8.92358561,3.6542
1086,22.59444444,-0.077777778,5.163773061,3.6948
1087,22.63888889,0.055555556,8.211608341,3.3324
1088,22.66666667,-0.083333333,5.083647828,4.6804
1089,22.71111111,-0.033333333,6.247661067,5.1146
1090,22.76666667,0.255555556,12.86146275,3.8588
1091,22.82222222,0.177777778,11.12921094,4.127
1092,22.87222222,0.077777778,8.890982998,4.6336
1093,22.93333333,-0.161111111,3.464057777,1.991
1094,23.00555556,0.061111111,8.612364684,1.1998
1095,23.03333333,0,7.228289843,2.1646
1096,23.09444444,0.061111111,8.672977913,4.5746
1097,23.11666667,0.061111111,8.697053044,5.1782
1098,23.14444444,-0.338888889,-0.537729091,1.6854
1099,23.16666667,-0.127777778,4.359225072,0.6864
1100,23.19444444,0.1,9.658096078,1.2708
1101,23.23333333,-0.1,5.040082774,1.8524
1102,23.29444444,-0.116666667,4.692896976,1.176
1103,23.36666667,0.088888889,9.533581726,1.936
1104,23.45555556,0.105555556,10.0001898,3.6646
1105,23.48888889,-0.027777778,6.896158229,4.174
1106,23.52777778,0.094444444,9.798871909,4.4122
1107,23.54444444,-0.194444444,3.011696665,3.4738
1108,23.59444444,0.161111111,11.42624938,1.5154
1109,23.65,-0.038888889,6.744734236,0.9208
1110,23.67777778,-0.011111111,7.424057856,0.1838
1111,23.72222222,-0.122222222,4.817234768,0.3008
1112,23.79444444,0.016666667,8.16710283,0.7252
1113,23.84444444,-0.127777778,4.764075973,2.6144
1114,23.88333333,-0.2,3.059771624,0.9464
1115,23.94444444,0.194444444,12.53504892,2.4174
1116,24,-0.016666667,7.523376104,3.4834
1117,24.05555556,-0.311111111,0.483763902,2.0912
1118,24.11111111,-7.10543E-16,8.009064287,1.5022
1119,24.16111111,0.011111111,8.312756618,1.8558
1120,24.18888889,-0.083333333,6.050103064,0.707
1121,24.22222222,-0.077777778,6.207101767,0.6598
1122,24.27777778,-0.011111111,7.863363946,1.3188
1123,24.37222222,0.188888889,12.8053933,0.6214
1124,24.50555556,-0.227777778,2.727671425,2.0658
1125,24.53888889,-0.038888889,7.378416114,3.8256
1126,24.6,0.133333333,11.66117431,3.9888
1127,24.65555556,-0.016666667,8.012866773,3.3296
1128,24.74444444,-0.044444444,7.393095043,2.0676
1129,24.79444444,0.088888889,10.73757344,1.121
1130,24.81111111,0.022222222,9.096491408,0.706
1131,24.84444444,0.088888889,10.78549832,0.2754
1132,24.93888889,0.05,9.89496563,2.2068
1133,24.98333333,0.016666667,9.09860417,3.3006
1134,25.06111111,-0.166666667,4.568329584,1.9206
1135,25.11111111,0.016666667,9.203362433,0.2726
1136,25.14444444,0.016666667,9.229583937,0.3072
1137,25.16666667,-0.066666667,7.151952746,0.144
1138,25.19444444,0.038888889,9.831768538,0.1398
1139,25.21111111,0.05,10.12687012,0.1284
1140,25.24444444,-0.022222222,8.331773549,0.213
1141,25.28888889,0.033333333,9.772407179,0.9128
1142,25.31666667,0.011111111,9.232250833,0.9976
1143,25.35555556,0.022222222,9.545749303,1.2976
1144,25.40555556,-0.111111111,6.201244876,1.9304
1145,25.44444444,-0.094444444,6.654429757,1.343
1146,25.47222222,-0.005555556,8.937144666,2.572
1147,25.48333333,0.077777778,11.07084696,1.0338
1148,25.51111111,0.033333333,9.960647636,0.283
1149,25.52777778,0.022222222,9.691707454,0.8896
1150,25.55,-0.055555556,7.723488897,0.493
1151,25.56666667,-0.061111111,7.593469687,0.173
1152,25.62222222,0.144444444,12.90387074,0.952
1153,25.67222222,-0.038888889,8.246595937,1.7414
1154,25.71666667,-0.083333333,7.138411744,0.2422
1155,25.72222222,0.011111111,9.57190365,0.099
1156,25.77777778,-0.072222222,7.471081361,0.0792
1157,25.79444444,0.233333333,15.36619088,0.3874
1158,25.81111111,-0.05,8.06897192,0.2334
1159,25.83333333,-0.011111111,9.092396979,0.7392
1160,25.88333333,0,9.422081951,1.6266
1161,25.88888889,0.011111111,9.713947933,1.2372
1162,25.91666667,-0.027777778,8.729966562,2.0748
1163,25.97222222,0.005555556,9.641427499,0.5892
1164,26.02777778,-0.044444444,8.386974511,1.0256
1165,26.09444444,-0.088888889,7.282027243,0.6476
1166,26.14444444,0.133333333,13.13071189,0.8684
1167,26.16666667,-0.044444444,8.500448764,1.2718
1168,26.18333333,0.011111111,9.968723633,0.6688
1169,26.2,7.10543E-16,9.691600337,1.5436
1170,26.23888889,-0.077777778,7.685980008,0.3926
1171,26.26666667,0.011111111,10.04258362,0.7234
1172,26.31111111,0.016666667,10.22697501,0.7476
1173,26.36111111,-0.055555556,8.367997135,2.0332
1174,26.4,0.083333333,12.06556455,0.3036
1175,26.45,0.1,12.55512419,0.8548
1176,26.48333333,-0.2,4.642628273,0.3788
1177,26.51666667,0.044444444,11.14651015,1.5318
1178,26.59444444,-0.044444444,8.854500734,2.838
1179,26.66111111,0.038888889,11.1325737,1.8376
1180,26.68333333,-0.027777778,9.375752493,0.3614
1181,26.73333333,0.061111111,11.79298031,0.2808
1182,26.76666667,-0.027777778,9.446374917,1.922
1183,26.82222222,0.027777778,10.98617367,0.6918
1184,26.86111111,-0.077777778,8.185489583,0.7888
1185,26.90555556,-0.066666667,8.522270497,0.5414
1186,27.01111111,0.022222222,11.00870112,0.313
1187,27.06111111,-0.072222222,8.500478643,0.12
1188,27.13888889,-0.011111111,10.2246403,0.1236
1189,27.22222222,-0.011111111,10.30063352,0.1434
1190,16.42222222,-0.033333333,5.530538154,0.4398